skills,experience_years,seniority,remote,title,company_name,location,normalized_salary,} енной.  to=functions.extract_job_details  ##  to=multi_tool_use.parallel.#  to=functions.extract_to_ multi_tool_use.parallel.D  ##  to=multi_tool_use.D ## functions.extract_to_ multi_tool_use.parallel. ## . D ##  to=functions.extract_job_details  to=functions.extract_job_details .  ##  to=functions.extract_job_details  ##  to=functions.extract_job_details  ##  to=functions.extract_job_details{
[],5+ years,Mid,On-site,Building Engineer,Unknown,"San Francisco, CA",105000.0,
"['Revit', 'AutoCAD', 'Microsoft Office Suite', 'Adobe Creative Suite', '3D modeling software']",5-10 years,Mid,On-site,Project Architect,PGAV Destinations,"St Louis, MO",,
"['Structural Engineering', 'Seismic Retrofit', 'Quality Design']",Not specified,Not specified,Not specified,Structural Engineer,Unknown,"San Mateo, CA",,
"['Analytical skills', 'group work', 'knowledge of intended audience', 'understanding of different roles']",0-1,Junior,On-site,Software Engineer,Unknown,Los Angeles Metropolitan Area,,
"['PHP', 'HTML', 'CSS', 'JavaScript']",,,Remote,Software Engineer,GOYT,"Denver, CO",,
"['problem-solving', 'wireless networks', 'Web Application support', 'communication', 'Help Desk']",2-4 years,Mid,Remote,Software Support Specialist,Recruitment Design,"McLean, VA",62500.0,
,,,Remote,Full Stack Engineer,Ideando Inc,United States,,
"['Validation Plans', 'Change Controls', 'LIMS', 'CSV', 'User Specification', 'Functional Specification', 'Design specification', 'IQ', 'OQ', 'PQ qualifications', 'Data Integrity']",1+ years,Mid,On-site,"Validation Engineer, Labware LIMS","I.T. Solutions, Inc.","Foster City, CA",135200.0,
"['Construction', 'Civil Engineering', 'Architecture', 'Project Management', 'MS Office', 'Bluebeam', 'Procore']",Not specified,Not specified,Not specified,Project Engineer,Armstrong Builders LLC,"Kailua-Kona, HI",75000.0,
"['Architectural Design', 'Project Management']",5-10 years,Senior,On-site,Architect/Project Manager,ASA Architects,"Las Cruces, NM",55000.0,
"['Salesforce Vlocity', 'Copado', 'Jenkins', 'Bitbucket', 'JIRA', 'Github', 'Visual Studio', 'postman', 'SOAP UI', 'APEX', 'Java Script', 'LWC']",5,Mid,On-site,Salesforce Vlocity Developer,SysMind,"Jersey City, NJ",,
"['Architectural design', 'customer relationship', 'permitting processes']",3-5 years,Mid,On-site,Architectural Designer,Florida Lifestyle Homes,"Fort Myers, FL",,
"['AWS', 'SQL', 'Redshift', 'Python', 'SPARK', 'JSON', 'ETL', 'Data Warehousing', 'Cloud computing', 'Big data']",Not specified,Not specified,Hybrid,Data Architect,Saxon AI,"San Francisco, CA",,
['Anaplan'],5-7 years,Senior,Remote,Anaplan Developer,Webologix Ltd/ INC,United States,,
"['Cloud', 'Marketing', 'Sales', 'Account Management']",5-10 years,Mid,Hybrid,Technical Product and IT Manager for Data Center Dedicated Server Leasing,Unknown,United States,155000.0,
['Object Oriented principles'],5-7 years,Senior,Hybrid,Senior Developer,USLI,Greater Philadelphia,,
"['Java', 'Microservices', 'Rest Api', 'Web services', 'UI - React JS', 'Redux', 'Micro frontend', 'Typescript', 'React.js']",5+ years,Lead,On-site,Java architect / Lead Java developer,NLB Services,"Jersey City, NJ",,
[],,,,Enterprise Data & Analytics Infrastructure Manager,KeyBank,"Cleveland, OH",,
"['Sales', 'Business Development', 'Maritime', 'Shipbuilding', 'Electronics']",Not specified,Mid,Remote,Sales and Application Engineer,Böning Ship Automation USA,"Louisiana, United States",,
"['AI', 'SEO', 'Google Ads', 'data analytics']",5-7 years,Senior,Hybrid,Senior Software Engineer,StyleAI,San Francisco Bay Area,,
"['drone systems', 'robotics', 'UAV', 'programming', 'software development']",3-5 years,Mid,On-site,Drone-Car Engineer,Lorenz Motors,"Trenton, NJ",60000.0,
"['Food Science and Technology', 'Process Engineering', 'Clinical Nutrition and Dietetics', 'Biochemistry', 'Consumer Psychology', 'Market Research', 'Supply Chain Management', 'Logistics', 'Regulatory Affairs', 'Food Law', 'Biotechnology', 'Fermentation Science', 'Chemical Engineering']",,,Remote,"Scientific Project Manager for Food, Beverage, and Consumer Packaged Goods Industries (Project Architect | PA)","PreScouter, Inc.",United States,,
,,Senior,On-site,Senior Mechanical Engineer,"Dexterity, Inc.","Redwood City, CA",170000.0,
"['Infoblox', 'DNS', 'Multi-Master Grid Technology']",Not Specified,Mid,On-site,DDI Engineer,Xoriant,"Jersey City, NJ",,
"['Mechanical Design', 'Engineering Processes', 'RFQs', 'Materials Analysis']",1-3 years,Junior,On-site,Mechanical Design Engineer,Mestek Machinery,"Cedar Rapids, IA",72500.0,
"['Quality Assurance', 'Statistical Techniques', 'Design of Experiments']",Not specified,Not specified,On-site,Quality Engineer,Staff Management | SMX,"New Albany, IN",73840.0,
"['MEP', 'electrical', 'heating', 'air conditioning', 'ventilation', 'plumbing', 'building code']",3-5 years,Mid,On-site,MEP Engineer,Citrine LLC,"Lakewood, CO",85000.0,
"['Electronics Design', 'Control Systems', 'Electrohydraulic', 'Electromechanical', 'Electropneumatic']",5-7 years,Senior,On-site,Senior Electronics Design Engineer,Excelon Solutions,"East Aurora, NY",,
"['Hardware design', 'Mechanical aptitude', 'GD&T', 'Powertrain design', 'Drivetrain']",,,,Mechanical Engineer,JVM Global Inc,"Boston, MA",,
['web development'],not specified,not specified,not specified,Web Developer,"KTA Advising Group, LLC",Washington DC-Baltimore Area,62400.0,
"['program management', 'business analysis', 'leadership', 'communication', 'enterprise systems']",5-7 years,Mid,Hybrid,Software Implementation Program Manager,Akshaya Inc,"Cupertino, CA",,
,10+ years,Executive,On-site,Vice President - Engineering & Production Operation,Louisville Water Company,"Louisville, KY",,
,4+ years,Senior,Hybrid,Senior Project Engineer,Practical Design Partners,"Atlanta, GA",100000.0,
"['Cybersecurity', 'Vulnerability research', 'Penetration testing', 'Threat modeling', 'Risk assessment', 'Testing tools automation']",3-5 years,Mid,Remote,Cybersecurity Test Engineer – Remote,"Decision Point Security, Inc.","Florida, United States",,
"['JavaScript', 'HTML', 'CSS', 'Scrum', 'Agile']",2+,Mid,Remote,Founding Front-End Engineer (Web),Wanderboat AI,San Francisco Bay Area,,
"['CAD', 'AutoCAD', 'SolidWorks', 'CATIA']",proven experience,Mid,On-site,Design Engineer (Stellantis Background),Diversified Technologies International,"Roseville, MI",,
,,Principal,,Principal Backend Engineer,HireBus,United States,212.5,
"['Wafer Process Engineering', 'Laser Chip Fabrication', 'Semiconductor', 'Optoelectronic Devices', 'Vendor Management']",3-5 years,Senior,On-site,Wafer Process Engineer - Laser diode Chip Fabrication,SemiNex Corporation,"Danvers, MA",,
"['Kafka', 'Python', 'AWS', 'Informatica IICS', 'Snowflake', 'SQL', 'Linux', 'Shell scripting', 'Git']",10-12,Senior,Remote,Sr Data Engineer with Kafka,ZenithMinds Inc,"Austin, TX",,
"['Mechanical Design', 'CAD', 'BOM', 'Manufacturing Instructions', 'Product Data Management', 'Autodesk Vault', 'SOLIDWORKS PDM', '2-D CAD', '3D CAD', 'Autodesk Inventor', 'SOLIDWORKS']",5+ years,Manager,On-site,Mechanical Design Engineering Manager,Unknown,"Iowa, United States",140000.0,
"['Linux', 'RedHat', 'Bash', 'Ansible', 'HPC']",5-7 years,Senior,Remote,Senior Linux/RedHat Engineer,Vtechys,United States,,
"['Artificial Intelligence', 'NLP', 'neural networks', 'voice recognition', 'voice synthesis', 'software development']",internship,Intern,Remote,Artificial Intelligence Engineer Intern - Chatbot,OTB English,United States,,
"['geotechnical engineering', 'geological engineering', 'hydrogeology', 'feasibility studies', 'rock mechanics', 'displacement monitoring', 'cost-benefit analysis', 'hydrogeologic evaluation', 'waste dump stability evaluations', 'site investigation', 'foundation design', 'geotechnical instrumentation']",5-10 years,Senior,On-site,"Staff Engineer (Geotechnical, Geological or Mining)",Call & Nicholas,"Tucson, AZ",,
['Microsoft Office'],0-2 years,Junior,On-site,Receptionist/Data Entry,PB Built,"Jupiter, FL",45760.0,
"['Systems Engineering', 'Infrastructure', 'Automation', 'Monitoring']",5-7 years,Senior,Hybrid,Engineers / Marketing / Various,GlobalStake,United States,,
"['Java', 'Java/J2EE', 'React', 'Spring Framework', 'REST APIs', 'Relational databases', 'NoSQL databases']",5-7 years,Mid,On-site,backend Java developer,TekisHub Consulting Services ,"Austin, TX",,
"['Cloud', 'Big Data', 'software testing', 'programming', 'data analysis']",3-5 years,Mid,Hybrid,Cloud Platform/ Big Data Engineer,"Subaru Research and Development, Inc","Michigan, United States",,
[],Entry-level,Junior,On-site,Assistant Landscape Architect,Gamble Design Collaborative,"Franklin, TN",60000.0,
"['Data Science', 'Software Engineering', 'Analytics', 'Automation']",3-5 years,Mid,Hybrid,Data Science Software Engineer,Sovrinti,United States,,
"['React', 'JavaScript', 'Typescript', 'Node.js', 'PHP']",N/A,Mid,N/A,Data Engineer/ETL,SilverSpace Technologies Inc,"Hartford, CT",,
"['mobile applications', 'iOS', 'Android', 'full-stack development']",N/A,Mid,N/A,Mobile Application Developer,"Subaru Research and Development, Inc","Michigan, United States",,
"['C++', 'embedded software', 'Linux', 'microcontroller programming']",10-15 years,Senior,On-site,Flight Software Engineer,Insight Global,"Webster, TX",155000.0,
"['hardware design', 'circuit design', 'telemetry', 'electronic communications', 'system-level analysis']",3-5 years,Mid,On-site,Electrical Hardware Engineer,"Parraid, LLC","Hollywood, MD",,
"['Data Analytics', 'Statistics', 'Data Visualization', 'Data Modeling']",Not specified,Not specified,On-site,Data Analyst,Tenazx Inc,"Queens, NY",,
['Software Engineering'],5+ years,Senior,On-site,Staff Software Engineer (AHT),Northrop Grumman,"Los Angeles, California, United States",201200.0,
"['construction', 'project management', 'coordination']",3-5 years,Mid,On-site,Project Engineer,Wright Contracting,"Santa Rosa, CA",85000.0,
['JavaScript'],N/A,Mid,Hybrid,Full Stack Engineer,HQ,"Ogden, UT",,
"['.NET', 'C#', 'SQL Server']",10+ years,Lead,On-site,Lead Dotnet Developer,000,"Atlanta, GA",,
"['VB.Net', 'C#', '.Net Core', 'MVC', 'Git', 'ASP.NET', 'SQL Server', 'SSIS', 'SSRS', 'HTML', 'CSS', 'JSON', 'REST API', 'JavaScript', 'JQuery', 'Bootstrap']",1-3 years,Junior,On-site,Software Engineer,TRG,"Westlake, OH",,
"['Electrical Engineering', 'CAE', 'CAD']",5-10 years,Senior,On-site,Sr. Electrical Engineer,"LanceSoft, Inc.","Richmond, KY",,
"['SaaS', 'SAP', 'SAP Ariba', 'Coupa', 'Ivalua', 'Workday']",10+ years,VP,Hybrid,VP of Engineering,RELISH,United States,,
"['AutoCAD', 'Excel', 'PLC controls', 'ladder logic programming']",2,Intern,On-site,Electrical Engineering Intern,Fliteway Technologies,"Cudahy, WI",39520.0,
"['iOS', 'Swift', 'SwiftUI', 'UIKit']",5-7 years,Senior,Remote,🚀 Join Our Team as a Senior iOS Developer at ABHI IT SYSTEMS INC 🌐 🚀,ABHI IT SYSTEMS INC,"Dallas, TX",,
"['Electrical Engineering', 'Lighting Design']",3-5 years,Mid,On-site,Mid-Level Project Electrical Engineer / Lighting Designer,Reese Hackman,"Pennsylvania, United States",,
"['controls', 'automation', 'electrical', 'mechanical', 'programming']",3-5 years,Mid,On-site,Controls Engineer,PennPak Solutions,"Bethlehem, PA",,
"['Node.js', 'JavaScript', 'React', 'Angular', 'AWS']",3+ years,Senior,On-site,Full Stack Engineer,Unknown,"Pleasanton, CA",,
"['Salesforce.com', 'Apex', 'LIGHTNING', 'SOQL']",12-15 years,Senior,On-site,Senior Salesforce Developer,"Tanisha Systems, Inc","New York, NY",,
"['Data Engineering', 'Data Analytics', 'Algorithms', 'Predictive Modeling', 'Data Management', 'Software Engineering', 'Data Tools']",5-7 years,Senior,Hybrid,Senior Data Engineer/Analyst - Full Time,Unknown,"California, United States",216320.0,
"['React', 'Redux', 'JavaScript', 'Git']",0-3 years,Junior,Hybrid,Frontend Engineer,Prepto,"Santa Clara, CA",,
"['PLC', 'MMI devices', 'automation control systems']",3-5 years,Mid,On-site,Electrical Engineer,Mestek Machinery,"Cedar Rapids, IA",,
"['Sales', 'Customer Relationships', 'Technical Support']",3-5 years,Mid,On-site,Sales Engineer,Swagelok Pittsburgh | Tri-State Area,Greater Pittsburgh Region,,
"['Azure', 'Azure Logic Apps', 'Azure Service Bus', 'Azure Data Factory', 'Azure Event Grid', '.NET', 'C#', 'Snowflake', 'Kafka', 'BizTalk', 'HL7', 'Healthcare']",3 months,Mid,Remote,Cloud / .NET Developer,Redifcard Technologies LLC,"Bloomington, MN",,
"['data processing', 'data organization', 'collaboration', 'project management']",not specified,not specified,On-site,Data Processor,MDI Imaging & Mail,"Cascades, VA",60000.0,
"['Business Application Development', 'Enterprise Solutions']",5-7 years,Senior,Hybrid,Senior Business Application Developer,University of Maryland Baltimore County,"Catonsville, MD",71288.0,
"['Machine Learning', 'AI', 'code synthesis', 'theorem proving', 'text generation', 'GPU programming', 'performance optimization']",5-7 years,Senior,On-site,Senior Machine Learning Research Engineer,Symbolica AI,San Francisco Bay Area,250000.0,
"['audiovisual systems', 'installation', 'programming', 'project management']",not specified,not specified,Remote,Audiovisual Field Engineer,Crown Point Systems,Washington DC-Baltimore Area,,
"['Landscape Construction', 'Business Development', 'Communication', 'Interpersonal Skills', 'Negotiation']",not specified,Not specified,On-site,Landscape Construction Business Developer,GRÄS Lawn ,"Lakewood, NJ",,
"['.NET', 'JavaScript', 'JQuery', 'React', 'Angular', 'Blazor', 'CSS3', 'HTML5', 'Automated Builds', 'Microsoft Team Foundation', 'Oracle SQL Server', 'PL/SQL', 'Oracle Database', 'Process Automation', 'Agile SDLC']",10+,Senior,On-site,Dotnet Developer,"Binary Tech Consulting Corp.,","Naperville, IL",,
"['Maintenance', 'Engineering', 'Safety Management', 'Team Development', 'Coaching']",5-10 years,Mid,On-site,Engineering And Maintenance Manager,Carlisle Construction Materials,"Carlisle, PA",,
"['Java', 'Spring Boot', 'Microservices', 'J2EE', 'Vert.x', 'Reactive Programming', 'Kafka']",7+,,Hybrid,Java full Stack Engineer,NInfo Systems INC,"Phoenix, AZ",,
"['DevOps', 'Azure', 'Kubernetes', 'Azure DevOps', 'CI/CD', 'Helm Charts']",3-5 years,Mid,Hybrid,DevOps Engineer,LionOrbit Tech Solutions LLC,"Vienna, VA",,
"['AS400', 'MAPICS', 'Infor XA', 'DB2', 'RPG', 'RPGLE', 'CLLE', 'RPG Free', 'IFS', 'FTP']",6-8 years,Mid,On-site,AS400 Developer,Stanley David and Associates,"Pittsburgh, PA",,
"['Instructional Design', 'Storyboarding', 'Articulate Storyline']",2-4 years,Mid,Remote,Learning Experience Designer/Developer II,Unknown,"Brea, CA",,
"['Webmethods', 'SoftwareAG Integration Server', 'Designer', 'Universal messaging', 'MWS', 'TN', 'RDBMS', 'Oracle', 'SQL Server', 'SOAPUI', 'Kibana', 'APIGEE', 'Java', 'Kafka', 'integration with mainframe', 'Salesforce', 'Google Cloud']",At least 1,Mid,On-site,Webmethods Developer,Siri InfoSolutions Inc,"Cleveland, OH",,
"['AWS', 'SRE', 'DevOps', 'Terraform', 'Docker', 'Container', 'Cloudformation', 'Bash', 'Powershell']",17+ years,Senior,Hybrid,AWS Cloud Architect (W2 Only),iPivot,"New York, NY",,
"['C#', 'Visual Studio', 'JSON', 'SQL Server', 'Performance Tuning', 'Query Optimization', 'SQL', 'Tableau', 'Java', 'Selenium', 'Jira', 'GraphQL', 'Jenkins', 'GitLab', 'Appium', 'SeeTest', 'BDD', 'JBehave', 'Cucumber']",10-12 years,Senior,Hybrid,Software Engineer in Test Automation,Qentelli,"Dallas, TX",,
[],0-1 years,Junior,Remote,Junior Engineer - [Full Remote],Joinrs US,United States,85000.0,
"['CAD', 'Solidworks']",3-5 years,Mid,On-site,Sustaining Engineer,Downing ,"Oklahoma City, OK",,
"['Manufacturing', 'Testing', 'Assembly', 'Maintenance', 'Field Service']",2-5 years,Mid,On-site,Manufacturing and Test Engineer,Halifax Fan Group,"Syracuse, NY",,
"['networking', 'server technologies', 'client management']",5+ years,Senior,Hybrid,MSP Engineer Level 3,Peak Solutions,"Newport Beach, CA",115000.0,
"['Civil Engineering', 'Land Development', 'Site design', 'stormwater management', 'Permitting']",10+ years,Senior,On-site,Senior Design Engineer/Project Manager,Unknown,"Warren, NJ",,
"['.Net', 'C#', 'Azure']",10+ years,Senior,On-site,.Net Azure Architect (Local to WA),Diamondpick,"Seattle, WA",,
"['Project Management', 'Chemical Engineering', 'Process Engineering', 'Mechanical Engineering', 'Minerals Processing']",5-10 years,Senior,Remote,Sr. Project Engineer,Bright Vision Technologies,United States,,
"['Kotlin', 'Firebase', 'Postman', 'Github']",0-1,Junior,Remote,Android Developer Intern (Unpaid),Budgetwise,United States,,
"['Python', 'Streamlit', 'Fastapi', 'Tensorflow', 'Pytorch', 'NLP', 'NLTK', 'Spacy', 'BERT', 'SBERT', 'Milvus', 'FAISS', 'Pinecone', 'Vespa', 'Chroma', 'LLMs', 'Gen AI', 'Langchain', 'transformers', 'Google Cloud', 'AWS', 'Azure']",2-6 years,Mid,On-site,Machine Learning Engineer,NLB Services,"Dallas, TX",,
"['data analysis', 'business intelligence tools', 'project management', 'digital tools', 'training']",3-5 years,Mid,Remote,eCommerce Data Analyst,Radiant Systems Inc,United States,,
"['Workday Prism', 'Data Change Tasks', 'Prism Transformations', 'Custom Organizations', 'Base Data Sets', 'Derived Datasets']",12+ years,Senior,Remote,RE: Urgent hiring for Workday Prism Developer,Teamware Solutions a division of Quantum Leap Consulting Pvt. Ltd,"Plano, TX",,
"['Precast', 'Prestressed concrete', 'Design', 'Detailing', 'EDGE software']",5+ years,Mid,On-site,Precast Design Engineer,PTAC Engineering,"Pensacola, FL",,
"['Maintenance Engineering', 'maintenance assessment', 'turnaround assurance', 'maintenance processes', 'management strategies', 'performance management', 'maintenance health assessments', 'KPI', 'predictive maintenance']",5+ years,Mid,On-site,Maintenance Engineering specialist,Advantage Technical,"Houston, TX",,
"['Microsoft 365', 'Azure Active Directory', 'Exchange Online', 'SharePoint Online', 'Teams', 'OneDrive for Business', 'Mobility & Security']",5-7 years,Senior,On-site,M365 Architect,Diverse Lynx,"Edison, NJ",,
"['Azure', 'Office 365', 'Microsoft Certified Solutions Associate (MCSA)', 'Microsoft Certified Solutions Expert (MCSE)', 'Microsoft Certified Solutions Developer (MCSD)']",not specified,,Hybrid,Hiring for the role of Azure Cloud Engineer,VDart,"Hartford, CT",,
,5,Mid,,Resident Engineer,SSC Inc,San Francisco Bay Area,167500.0,
"['Software Development', 'Back-end Development', 'Programming', 'Object-Oriented Programming']",5-7 years,Senior,Remote,Sr Software Engineer,"iBrain Technologies, Inc",United States,,
"['RF Engineering', 'Quantum Computing', 'Topological Materials']",Not specified,Not specified,Not specified,Radio Frequency Engineer,Quoherent,"Winston-Salem, NC",,
"['Hardware Design', 'FPGA', 'Verilog', 'Python', 'soldering', 'high-speed design', 'circuit boards']",1 year,Senior,On-site,Hardware Design Engineer,Sun Technologies,"Hillsboro, OR",124800.0,
"['Selenium', 'Katalon', 'PACT']",5+ years,Senior,On-site,Software Development Engineer in Test,Vendor Build Inc,"North Creek, WA",,
"['Data Entry', '10-key skills', 'MS Office', 'Google Suite']",Not specified,Junior,On-site,Data Entry Specialist,Acro Service Corp,"Phoenix, AZ",33280.0,
"['ServiceNow', 'integrations']",5-7 years,Senior,On-site,service now architect,Vision InfoTech Inc.,"Richardson, TX",,
[],,Mid,,Engineering Project Manager / Project Manager,LS Solutions,"Madison, WI",,
"['Microsoft 365', 'SharePoint Online', 'Power Platform', 'Power Apps', 'Power Automate', 'Power BI', 'Dataverse', 'Salesforce', 'ServiceNow', 'Adobe eSign', 'Formstack', 'Agile methodology']",6-12 years,Mid,On-site,M365 Power-Platform or SharePoint Online Developer,Compunnel Inc.,"Boston, MA",,
"['Project Engineering', 'Data Science', 'Robotics', 'Sensor Development']",not specified,Mid,On-site,Project Engineer,Rise Technical,"Houston, TX",112500.0,
[],,Mid,On-site,Product Validation Engineer (EVT/DVT)																								,ANELLO,"Santa Clara, CA",,
"['Cloud', 'Product Management', 'Market Analysis', 'Product Development', 'Strategic Planning']",3-5 years,Mid,Hybrid,Technical Product Manager - Cloud,InRhythm,"Palo Alto, CA",,
[],not specified,Mid,not specified,Structural Design Engineer,MKM & Associates Structural Engineering,"Rohnert Park, CA",92500.0,
"['Azure Data Factory', 'Pyspark', 'Python', 'Databricks', 'Azure Synapse', 'ADO pipelines', 'Azure Cosmos DB', 'Azure EventHub']",5+ years,Senior,On-site,Azure Data Engineer (Full time),Publicis Sapient,"Arlington, VA",120000.0,
[],,,,Quality Engineer,SKF Group,"Lansdale, PA",,
[],,,,Manufacturing Engineer,SKF Group,"Dexter, MI",,
[],,,On-site,Seal Product Design Engineer,SKF Group,"Elgin, IL",,
[],,,Flexible,Application Engineer,SKF Group,"Falconer, NY",92500.0,
"['Manufacturing Engineering', 'Leadership', 'Sustainability']",,Manager,On-site,Manufacturing Engineering Manager,SKF Group,"St Louis, MO",,
"['Engineering', 'air permitting', 'Microsoft Office', 'Title V', 'NSR', 'NNSR', 'PSD']",5-10 years,Mid,On-site,Environmental Engineer,Insight Global,"Houston, TX",,
"['Estimating', 'Project Management', 'RFQ', 'Engineering']",3-5 years,Mid,On-site,Estimation Engineer,Aegis Worldwide,"Shelby Township, MI",103500.0,
"['Java', 'J2EE', 'Spring Framework', 'Angular', 'React', 'Kafka', 'AMQ', 'Cassandra', 'Oracle']",4 to 7 years,Junior,Hybrid,W2 only _ Java Developer,"Computer Data Concepts, Inc","Columbus, Ohio Metropolitan Area",,
"['Cybersecurity', 'Analytics', 'KPIs', 'KRIs']",3 months,Senior,Remote,Cyber security /Report Developer ( W2 Role),Diverse Lynx,United States,,
"['Logistics', 'Automation', 'Software', 'AI', 'Robotics']",3-5 years,Mid,On-site,Logistics Operations Engineer,KNAPP North America,"Joliet, IL",,
"['IoT', 'SaaS', 'Armis', 'Schneider Electric', 'ServiceNow', 'IoT Building Management', 'IoT platform integration']",12+ Years,Senior,On-site,Internet of Things Engineer,Synapse Tech Services Inc,"Plano, TX",,
"['Robotics', 'Automation', 'Problem-solving', 'Design', 'Development']",2+ years,Senior,On-site,Senior Robotics Engineer (Commercial Grade),techolution,"Ridgewood, NJ",,
['Java'],8+ years,Lead,On-site,Java Technical Lead,Golden Technology,"Cincinnati, OH",,
['Automation'],5-7 years,Senior,On-site,Senior Automation Engineer,Johnson & Johnson,"Mooresville, IN",,
"['Manufacturing methods', 'APQP', 'IATF 16949', 'product design', 'tooling', 'workforce utilization', 'workflow', 'equipment layout', 'quality standards']",,,,Manufacturing Engineer,Unknown,"Montpelier, OH",,
"['Salesforce Development', 'Service Cloud', 'Salesforce Lightning', 'Solution architect', 'Apex class', 'LWC component', 'Aura Components', 'Lightning flows', 'Objects', 'Batch classes', 'triggers']",5-7 years,Senior,Remote,Senior Salesforce Developer,"Infowave Systems, Inc",United States,,
"['Java', 'React.js', 'HTML', 'CSS', 'JavaScript', 'AWS', 'Azure', 'Elastic Search', 'Docker', 'Kubernetes', 'Spring Boot', 'Node.js']",5-7 years,Senior,Hybrid,Java Architect,Quantum World Technologies Inc.,"Minneapolis, MN",,
['SQL Server'],Not specified,Not specified,On-site,Database Administrator (BOCA RATON),Ledgent Technology,"Boca Raton, FL",97500.0,
"['data management', 'data governance', 'data protection', 'data stewardship', 'master data management', 'data platform management', 'data strategy', 'data enablement']",3-5 years,Mid,Hybrid,Data Management Analyst,EPITEC,United States,87360.0,
[],,,,Electrical and Instrumentation Engineer,Koura,"Baton Rouge, LA",,
"['C#', 'ASP.NET Core', 'VueJS 3.0', 'TypeScript', 'NPM', 'Vite', 'REST', 'JSON', 'XML']",Not specified,Not specified,On-site,Software Engineer with Vue JS.,Ask IT Consulting Inc.,"Duluth, GA",,
"['project management', 'troubleshooting', 'rotating equipment', 'electrical equipment', 'control systems', 'automation systems', 'pipeline integrity', 'In-Line Inspection', 'safety regulations']",5-7 years,Mid,On-site,Facility Engineer,Zenith Energy U.S.,"Long Beach, CA",112500.0,
"['software systems', 'software services', 'electro-mechanical medical devices']",5-10 years,Principal,On-site,Principal Systems Engineer,Bracco Medical Technologies,"Eden Prairie, MN",,
"['Kubernetes', 'Google Cloud Platform', 'Docker', 'CI/CD']",3-5 years,Mid,Remote,Cloud DevOps Engineer,Zact,United States,,
"['SQL', 'marketing analytics', 'rules-based attribution', 'A/B testing', 'MVT']",4-5+ years,Senior,On-site,"Senior Analyst, Data & Analytics",Quigley-Simpson,Los Angeles Metropolitan Area,91500.0,
"['AppDynamics', 'Dynatrace', 'Datadog', 'Grafana', 'SQL', 'Bash', 'scripting']",Intermediate,Mid,Hybrid,SRE/DevOps Support Engineer (W2),"Infotech Spectrum Inc,","Chicago, IL",,
['Manufacturing Engineering'],,,On-site,Manufacturing Engineer,SKF Group,"Ladson, SC",,
[],,,,Procurement Quality Engineer,SKF Group,"Falconer, NY",,
"['ServiceNow ITSM', 'Javascript', 'Servicenow HRSD', 'Data manipulation', 'Data parsing', 'Angular', 'Java']",5-7 years,Senior,On-site,ServiceNow Developer,"Reveille Technologies,Inc","Austin, Texas Metropolitan Area",,
"['React Native', 'JavaScript', 'ES6+', 'React', 'Flexbox', 'styled-components', 'Redux']",5+,Senior,On-site,Senior Developer – React Native,Avesta Computer Services,"Austin, Texas Metropolitan Area",,
"['Data Engineering', 'Data Modeling', 'ETL', 'Data Warehousing', 'Data Analytics', 'Azure', 'SQL']",Not specified,Not specified,On-site,Azure Data Engineer,"Econtenti, Inc","Seattle, WA",,
"['Articulate Storyline', 'Adobe Captivate', 'DocuSign', 'OAuth 2.0']",5+ years,Mid,Hybrid,Creative Content Developer (323565),"IDR, Inc.","Morristown, NJ",,
"['Front-End', 'SaaS', 'JavaScript', 'React', 'HTML', 'CSS']",5+,Senior,Remote,Senior Front-End Engineer ,eHire,Atlanta Metropolitan Area,,
[],10+ years,Senior,On-site,Software Design Engineer,VDart,"Seattle, WA",,
"['civil engineering', 'electrical engineering', 'chemical engineering', 'mechanical engineering']",3,Principal,On-site,Principal Engineer- Water Department,City of East Orange,"East Orange, NJ",117656.35,
"['Microsoft Defender', 'Microsoft Purview']",3+,Mid,Hybrid,Security Engineer,Apex Systems,"Atlanta, GA",,
"['ETL', 'SQL', 'Azure Data bricks', 'Azure data factory']",Not specified,Junior,Not specified, Junior ETL QA Test Engineer,Infinite Computer Solutions,United States,,
"['Civil Engineering', 'Public Works', 'Project Management', 'Utilities', 'Stormwater Modeling', 'Roadway Design', 'Sidewalk Design', 'Transit']",5-10 years,Mid,On-site,Civil Engineering - Utilities & Public Works Project Manager,MWM DesignGroup,"Austin, TX",,
[],,Mid,,IT QA Engineer II,YETI,"Austin, TX",,
[],,,,Test Engineer,SKF Group,"Plymouth, MI",,
,,,Hybrid,Knowledge Digitalization Engineer,SKF Group,"Plymouth, MI",,
"['C#', 'WPF', 'C/C++']",Not specified,Not specified,Not specified,Windows Software Engineer,Renewed Vision,United States,,
"['SAP', 'Project Management', 'Cloud Solutions', 'Configuration', 'Global Environments', 'MS Project', 'Confluence', 'JIRA', 'SharePoint', 'MS Office']",15+,Lead,On-site,SAP S/4 Cloud Delivery Lead (Automotive Car Motor/Vehicle Manufacturing experience) ,KAnand Corporation,"Auburn Hills, MI",,
"['Workday', 'Kronos', 'UKG', 'Power BI', 'Excel', 'ServiceNOW']",2 years,Mid,Hybrid,HRIS & People Data Administrator,Corps Team,"Charlotte, NC",57959.2,
"['Project Management', 'Inspection', 'Logistics Management', 'Expediting']",Not specified,Not specified,On-site,Opera Cloud PM,Tekshapers,"Las Vegas, NV",,
"['AWS', 'SQL', 'Python']",10+ years,Senior,Hybrid,Wealth Management Business Data Analyst,MCubeSoft,"Charlotte, NC",,
"['.NET', 'full stack development']",not specified,Senior,Hybrid,Senior Dotnet Developer,Amtex Systems Inc.,New York City Metropolitan Area,,
"['Revit', 'BIM']",1 to 25 years,Junior,On-site,Electrical Engineer,Axzora Resourcing,"Sheridan, WY",,
"['ReactJS', 'JavaScript', 'Redux.js']",Not specified,Senior,Hybrid,Senior ReactJS Developer,PALNAR,"Redwood City, CA",,
"['administrative support', 'technical support', 'data entry', 'reporting', 'climate action planning', 'environmental data management']",3-5 years,Mid,Hybrid,Renewable Energy Administrative Data Coordinator,Virginia Department of Environmental Quality,"Richmond, VA",55000.0,
"['Hardware design', 'Downhole electronic instruments', 'AC circuit design', 'SMPS design', 'Transformer design', 'Rectifier design', 'Regulator circuit design', 'Verbal and written communication skills', 'E-plan', 'AutoCAD', 'SolidWorks']",not specified,not specified,On-site,Electrical Engineer (Power Supply),Ampstek,"Houston, TX",,
"['Generative AI', 'large language models', 'LLMs', 'LSTMs', 'BERT', 'OpenAI', 'Azure', 'AWS']",14+ years,Lead,On-site,Generative AI Engineer,Ehub Global Inc,"Jersey City, NJ",,
"['Automation Engineering', 'robotics machining', 'CNC', 'integration', 'Robot troubleshooting', 'programming', 'Fanuc', 'ABB', 'Kuka']",2+ years,Mid,On-site,Installation Engineer,Insight Global,"Rochester, MI",72800.0,
"['HVAC', 'MEP', 'project management']",5-10 years,Mid,Remote,Manager Project Engineering (HVAC / Construction)),Demetrio and Associates,New York City Metropolitan Area,,
"['Process Engineering', 'Nonwovens Production', 'Machinery Operation Analysis', 'Process Equipment Implementation', 'Quality Assurance']",Not specified,Not specified,Not specified,Process Engineer,"QUAD, a SolomonEdwards Company","Jim Thorpe, PA",79000.0,
"['Tibco BW CE', 'Tibco BW6', 'Azure DevOps', 'API Management']",5-7 years,Mid,On-site,Tibco Administrator with Azure DevOps Exp,"Cliecon Solutions, Inc.","Berkeley Heights, NJ",,
"['Ruby on Rails', 'SQL', 'RSpec']",5+ years,Senior,Hybrid,Ruby on Rails Developer,Ehub Global Inc,"Austin, TX",109200.0,
['AutoCAD'],4+ years,Senior,Not specified,Senior Architect,RightPro Staffing,"Danbury, CT",125000.0,
"['Architecture', 'Project Management', 'Design']",5-7 years,Mid,Hybrid,"Project Architect, Justice+Civic",DLR Group,"Los Angeles, CA",115000.0,
"['Colleague', 'Custom Subroutines', 'Custom Computed Columns', 'Custom IS-Subroutines', 'Custom Entities', 'UI forms']",N/A,N/A,Remote,Colleague Software Programmer,GlobalPoint Inc,United States,,
"['Medical 60601 Safety', 'EMC', 'wireless coexistence', 'Computer design', 'Router', 'wifi', 'Cabling', 'Grounding', 'Power design', 'Thermal testing', 'Altium']",7+ years,Senior,On-site,Electrical Engineer,Redbock - an NES Fircroft company,"Fort Lauderdale, FL",,
"['Palo Alto', 'Cisco ASA Firewalls', 'CISCO', 'HP Routers', 'Switches', 'F5 Load Balancer']",13+ years,Senior,On-site,Network Engineer,Nityo Infotech,"Overland Park, KS",,
"['Manufacturing Engineering', 'Lean Manufacturing', 'Design Transfer', 'Quality Assurance', 'Research and Development']",Intern,Intern,On-site,Instrumentation Manufacturing Engineer Intern,Promega Corporation ,"Madison, WI",,
"['Tableau', 'Tableau Dashboards', 'Finance']",Not specified,Not specified,Hybrid,Tableau Developer,VDart,"Parsippany, NJ",,
"['Windows 10', 'imaging', 'DMX files']",,,Hybrid,"Windows Engineer (DMX files) :: Hybrid role in San Diego, CA - Locals Only",Exarca Inc.,"San Diego, CA",,
"['Quality Engineering', 'Automotive', 'Manufacturing']",N/A,Mid,On-site,Quality Engineer,Compass Tech International,"Marysville, OH",75000.0,
[],,Mid,,System Support Manager-Engineering & Construction Applications,Brightspeed,"Charlotte, NC",,
"['Electrical Engineering', 'MEP design', 'HVAC']",8+ years,Senior,On-site,Electrical Engineer,Axzora Resourcing,"Rockaway, NJ",,
"['SQL', 'SSRS', 'SSIS', 'SSAS', 'ETL']",3-5 years,Mid,Hybrid,SQL Database Administrator,Planet Technology,"Cincinnati, OH",,
"['Quality Assurance', 'Automation', 'Selenium', 'TestRail', 'ReadyAPI', 'RPA', 'SQL']",4+ years,Mid,Remote,Quality Assurance Engineer (323816),"IDR, Inc.","Memphis, TN",124800.0,
"['HP Nonstop', 'COBOL', 'TAL', 'SQL/MP', 'C', 'C++', 'Java']",10+ Years,Senior,On-site,Tandem Developer,Compunnel Inc.,"New York, NY",,
[],,,Remote,"Architectural Specialties Manager, North East Job",Armstrong World Industries,United States,,
"['AS400', 'Lawson ERP', 'ERP', 'Analysis', 'DB']",,,,AS400 developer with Lawson ERP plotform,Softcom Systems Inc,"Weehawken, NJ",,
['Ansible'],,,,Automation Engineer,World Wide Technology,United States,,
"['GCP', 'SQL']",N/A,N/A,Remote, GCP Data Engineer (Only W2),TechWish,"Sterling, VA",,
"['AI', 'ML', 'infrastructure management', 'open-source components', 'integrations', 'security', 'monitoring']",5-10,Principal,Remote,Principal Solution Engineer,Cake,"New York, NY",,
"['LAN', 'WAN', 'networking', 'hardware', 'software', 'troubleshooting', 'operating system']",,Mid,On-site,Network Engineer,Zufall Health,"Morris County, NJ",,
"['forensic engineering', 'technical writing']",2+ years,Mid,Remote,Forensic Structural Engineer,Haag Global,Greater St. Louis,,
"['Quality Management System', 'root cause analysis', 'process development', 'quality improvement']",3-5 years,Mid,On-site,Quality Engineer,Ingersoll Rand,"Sedalia, MO",,
"['Data Modeling', 'Database Designing', 'Relational Database', 'Non-Relational Database', 'SQL', 'Data Modeling tools', 'Erwin', 'ER Studio', 'DBT', 'Dimensional Modeling', 'Kubernetes', 'Data Governance', 'Collibra', 'Informatica', 'Data Catalogues', 'Data Lineage']",7+ years,Senior,On-site,Fixed Income Data Modeler,Sedna Consulting Group,"Newark, NJ",,
['SQL'],2+ years,Senior,Remote,"Senior Data Analyst - AI Training (Remote, Contract)",Outlier,United States,114400.0,
"['VoIP', 'NTR', 'IPC', 'L2 support', 'L3 support']",3-5 years,Mid,On-site,Technical Support Engineer (VoIP / NTR / IPC),"Resolution Technologies, Inc.",New York City Metropolitan Area,,
"['Data Entry', 'Content Management System', 'Project Management']",2-4 years,Mid,Remote,Data Entry Specialist,Aquent,San Francisco Bay Area,22.0,
"['Maintenance', 'Preventive maintenance', 'Safety protocols']",3-5 years,Mid,On-site,Maintenance Engineer,Altair,"Troy, MI",,
"['Apigee', 'Java', 'JavaScript', 'RESTful APIs', 'Micro Services', 'Spring Boot', 'Jenkins', 'Maven', 'LDAP', 'SSL', 'OAuth 2.0']",Not specified,Mid,On-site,Apigee developer,Diamondpick,"Jersey City, NJ",,
['SharePoint'],5+ years,Senior,Remote,Senior Sharepoint Developer,Krasan Consulting Services,United States,,
"['Python', 'Kubernetes', 'Git']",3+ years,Lead,Hybrid,Data Team Lead,Storm2,"San Francisco County, CA",190000.0,
"['Azure Fabric', 'Azure Cloud', 'data architectures', 'data models', 'data integration', 'data mesh']",5-7 years,Senior,Remote,Azure Fabric Architect,Nityo Infotech,United States,,
['.NET'],5+ years,Senior,On-site,Sr. .NET Developer (BOCA RATON),Ledgent Technology,"Boca Raton, FL",125000.0,
['Anaplan'],5+ years,Lead,Hybrid,Anaplan Solution Architect/Lead,MSRcosmos LLC,"New York, NY",,
"['Data Engineering', 'Data Modeling', 'ETL', 'Data Warehousing', 'Data Analytics', 'SQL', 'Python', 'Java', 'AWS', 'Azure', 'Hadoop', 'Spark']",5-7 years,Senior,On-site,Data Engineer,SKYZEN Technologies LLC,"Philadelphia, PA",,
[],,,Remote,Data Scientist Job,Armstrong World Industries,United States,,
"['Cloud', 'Product Management', 'Technical Requirements', 'Architecture', 'Design', 'Billing', 'Financials', 'Integration Solutions']",5-7 years,Mid,Hybrid,Cloud Product Manager,Akkodis,"Plano, TX",119256.8,
"['BI', 'Dashboard']",3-5 years,Mid,Hybrid,Dashboard BI Developer,Gainwell Technologies,"Pennsylvania, United States",67500.0,
"['Apigee', 'API Management', 'SDLC', 'Agile', 'SCRUM', 'Java', 'JavaScript', 'LDAP', 'SSL', 'OAuth 2.0', 'API key', 'RESTful APIs', 'Micro Services', 'Spring Boot', 'Jenkins', 'Maven']",5+ years,Mid,On-site,Apigee Developer,Diamondpick,"Jersey City, NJ",,
"['Fraud Prevention', 'Data Analysis', 'Cognos', 'Risk Assessment', 'Reporting']",3-5 years,Mid,On-site,Fraud Prevention Officer (Data Position),Social Capital Resources,New York City Metropolitan Area,122500.0,
"['M365', 'Azure', 'IaaS', 'PaaS']",Not specified,Not specified,On-site,"M365 Cloud Engineer/ Architect- Cypress, CA - Must be US or GC",DKKD Staffing,"Cypress, CA",,
"['Azure', 'cloud architecture', 'infrastructure design', 'software development', 'integration']",5-7 years,Senior,Hybrid,Azure Cloud Architect,Astreya,"Atlanta, GA",,
"['QC', 'HW', 'Test Engineer', 'Networking', 'Validation', 'Hardware', 'Software', 'Debugging']",5+ years,Senior,Hybrid,Hardware QC Engineer,Fortinet,"Sunnyvale, CA",115000.0,
,5+ years,Senior,On-site,Chief Engineer,Hard Rock Hotel San Diego,"San Diego, CA",74000.0,
"['Sales Engineer', 'HVAC', 'presentations', 'project documentation', 'customer relationship management']",not specified,not specified,not specified,Construction Sales Engineer,Pacific Rim Mechanical,"Riverside, CA",130000.0,
"['Product Marketing', 'Technical Marketing', 'Battery Management', 'Business Development', 'Documentation Writing']",5-10 years,Mid,On-site,"Manager, Product Marketing Engineer (Battery)",SBT,"Austin, Texas Metropolitan Area",,
"['API', 'Integration', 'Troubleshooting', 'Optimization']",3-5 years,Mid,On-site,API Support Engineer,Sunwest Bank,"Sandy, UT",,
"['AutoCAD', 'SolidWorks']",N/A,N/A,On-site,Equipment Engineer,Headway Technologies,"Milpitas, CA",,
"['Python', 'AWS', 'Lambda', 'Glue', 'DynamoDB', 'SNS', 'SQS', 'CI/CD', 'Azure Pipelines', 'API', 'unit tests', 'automated tests', 'Git']",5+ years,Senior,Not specified,Sr Python Developer,Siri InfoSolutions Inc,United States,,
"['Java', 'Fullstack']",5-7 years,Lead,On-site,Lead Java Fullstack Developer,Photon,"Rocklin, CA",141440.0,
"['Azure', 'Ansible', 'Jenkins', 'GitLab CI', 'BitBucket', 'Azure DevOps', 'PowerShell', 'Bash', 'Python', 'Docker', 'Kubernetes']",5+ years,Senior,,DevSecOps Engineer,Aditi Consulting,United States,,
"['OIM Development', 'Identity Management', 'SOA']",8-10 years,Senior,Hybrid,Oracle Cloud Infrastructure,IPolarity,"Atlanta, GA",,
"['Django', 'Python', 'AI/ML', 'REST Services']",5+ years,Mid,Remote,Django Engineer,Strategic Employment Partners (SEP),United States,,
"['FPGA', 'HDL', 'IP configuration', 'R&D', 'digital signal processing', 'software defined radio']",5-7 years,Mid,On-site,FPGA Development Engineer,North Star Scientific Corporation,"Oklahoma City, OK",,
"['Cloud', 'Azure', 'AWS', 'VMs', 'PaaS', 'storage', 'NIC', 'VNET', 'NSGs', 'ASGs', 'traffic manager', 'load balancers', 'Azure firewall', 'API Gateway']",5-7 years,Senior,On-site,Senior Cloud Engineer,KRG Technologies Inc.,"Columbus, OH",,
"['C', 'C++', 'C#', 'Python', 'VHDL']",10+ years,Senior,On-site,Embedded Engineer,Entegee,"Wichita, Kansas Metropolitan Area",125.0,
[],,Mid,,Gas Engineer II,Spire,"St Louis, MO",,
"['Architecture', 'Project Management']",5+ years,Mid,Hybrid,"Project Architect, Mixed-Use",DLR Group,"Los Angeles, CA",115000.0,
"['Optics', 'Consumer Electronics', 'Weather Sensors', 'Defense', 'Wearables', 'Drones', 'SBIR/LIDAR', 'Hand-held Laser/optics', 'Warfare', 'EO/IR imaging', 'RF Engineering', 'C', 'C++', 'C#', '.Net', 'Java', 'Python', 'JavaScript', 'Perl', 'Unix/DOS shell scripts', 'AWS', 'Azure', 'Apache Mynewt', 'ELFE', 'AllJoyn', 'HomeKit', 'openHAB', 'Huginn']",6+,Mid,Remote,Remote - IoT Developer,Neumeric Technologies Corp,New York City Metropolitan Area,,
"['Signal Integrity', 'high-speed design', 'test boards', 'laboratory testing', 'mechanical design', 'PCB']",5-7 years,Senior,,Senior Signal Integrity Engineer,AirBorn Inc.,"Austin, Texas Metropolitan Area",,
"['CAD', 'process improvement', 'software enhancements', 'tools management', 'documentation', 'training']",3-5 years,Mid,Hybrid,Applications Engineer- CAD,Sunrun,United States,76580.0,
"['Java', 'AppDynamics', 'Dynatrace', 'Datadog', 'Grafana', 'SQL', 'Bash', 'Shell', 'Perl', 'Python', 'Jenkins', 'Git', 'MySQL', 'Oracle']",4+ years,Mid,On-site,SRE/DevOps Support Engineer (W2 Only),"Infotech Spectrum Inc,","Chicago, IL",,
"['protective relaying', 'controls systems', 'HV substations', 'EHV substations', 'SCADA', 'telecommunication', 'I/O assignments', 'connection diagrams', 'engineering studies']",not specified,not specified,not specified,Electrical Engineer Consultant,Sargent & Lundy,"Chattanooga, TN",,
[],,Senior,,Network Engineer Senior,CooperVision,"Gilbert, AZ",,
[],,Director,,"Director, DevOps, Scientific American",Scientific American,"New York, United States",190000.0,
"['ERP', 'Manufacturing Planning Software', 'Microsoft Office Suite', 'CATIA']",Entry level,Junior,On-site,Operations Engineer I,Gulfstream Aerospace,"Savannah, GA",,
"['SQL', 'Looker', 'Plx', 'Data Studio', 'Python', 'R']",5+ years,Mid,On-site,Business Intelligence Developer,Diverse Lynx,United States,,
"['AEM', 'Java', 'Sling', 'REST', 'JSON', 'Lucene', 'Coral', 'Granite UI', 'Adobe UI', 'Sightly', 'Jenkins', 'Hudson', 'Selenium', 'Maven']",3-5+ years,Mid,On-site,AEM Developer ,Vertex Elite LLC,"Austin, Texas Metropolitan Area",,
"['UI engineering', 'DevOps', 'web software development', 'scalable web applications']",5-10 years,Senior,Hybrid,Senior Software Engineer,aKUBE,"California, United States",,
"['Architecture', 'Integrated Circuits', 'Design Engineering']",,Lead,,"Director, Systems Architect (PMIC)",SBT,San Francisco Bay Area,,
['AWS'],6 months,Mid,On-site,AWS Cloud Architect,"Veridian Tech Solutions, Inc.","Boston, MA",,
"['Epitaxy', 'Process Engineering', 'Manufacturing Excellence', 'Continuous Improvement', 'Quality Improvement']",10+,Director,On-site,"Director, Epitaxy Process Engineering",SBT,"Phoenix, AZ",,
"['ARIS Connect', 'ARIS Architect/Designer', 'APG (ARIS Process Governance)', 'Java', 'JavaScript', 'ARIS Rest API']",3-5 years,Mid,Remote,ARIS Developer,Siri InfoSolutions Inc,"San Antonio, TX",,
"['Quality control', 'Process improvement', 'Testing', 'Inspection', 'Process certification', 'Audit']",5-7 years,Senior,Hybrid,Quality Engineer III (36485),Pegasus Steel (USA),"Ladson, SC",,
[],,Principal,,Principal Platform Engineer,Cake,"New York, NY",,
"['Quality Engineering', 'Statistical Analysis', 'Root Cause Analysis', 'Six Sigma', 'Lean Manufacturing']",5+ years,Mid,On-site,Quality Engineer ( Engineering & Automotive),KYYBA Inc,"Troy, MI",,
"['AWS', 'Python', 'Java', 'shell scripting', 'SQL', 'Docker', 'Kubernetes', 'OpenShift', 'Kafka', 'Aurora', 'AWS Glue', 'Redshift', 'Jenkins', 'Ansible', 'AWS Code Pipeline', 'GitLab CI/CD']",Not specified,Not specified,Hybrid,AWS CLOUD SECURITY DEVELOPER,Exarca Inc.,"Atlanta, GA",,
"['HubSpot', 'CRM', 'marketing automation']",3-5 years,Mid,Hybrid,HubSpot Developer & CRM Manager,"Milner, Inc.","Deerfield Beach, FL",,
"['LabVIEW', 'Python', 'Git']",8+ years,Staff,On-site,Staff Test Engineer,JW Industrial Partners ,"San Fernando, CA",140000.0,
"['Software Development', 'Full-Stack Development', 'Medical Devices']",5+ years,Senior,Remote,Senior Software Engineer,Bracco Medical Technologies,"Eden Prairie, MN",,
"['Photolithography', 'Manufacturing Processes', 'Technical Support', 'Data Analysis', 'Root Cause Analysis', 'Process Improvement']",3-5 years,Mid,On-site,Photolithography Manufacturing Engineer,Headway Technologies,"Milpitas, CA",,
"['.net', 'C#', 'cloud computing', 'Azure', 'AWS', 'Google Cloud', 'DevOps', 'terraform']","5 years with .net and C#, 5 years with cloud computing, 3 years with DevOps tools",Senior,Remote,Dotnet Developer,AllSTEM Connections,"Columbus, Ohio Metropolitan Area",166400.0,
"['Ruby', 'RSpec', 'Postgres', 'SQL', 'Linux', 'Git']",3+ years,Mid,On-site,Quality Engineer/ Test Lead,Diverse Lynx,"Minneapolis, MN",,
['Software Engineering'],3-5 years,Mid,Hybrid,Software Engineer,Ascendion,United States,135000.0,
"['Analytics', 'ANSI X12', 'healthcare', 'Epic']",3-5 years,Mid,Hybrid,Analytics Engineer,Switch RCM,United States,,
"['Firmware', 'Driver Development', 'Mixed Reality', 'Display Software', 'Diagnostics', 'Calibration Tools', 'Test', 'Debug']",3-5 years,Mid,On-site,Display Software Engineer (16939),H10 Capital,"Redmond, WA",,
"['Device Design', 'High Voltage Electronics', 'Product Lifecycle Management', 'Innovation', 'Continuous Improvement', 'Cross-Functional Team Collaboration']",7+ years,Lead,On-site,Lead Device Design Engineer (Discrete Power),SBT,San Francisco Bay Area,,
"['React', 'JavaScript', 'HTML', 'CSS', 'Java', 'REST Web Services']",5+ years,Senior,On-site,Expert React Frontend Developer,RecruitInflux,"Phoenix, AZ",,
"['Manufacturing Engineering', 'Lean Six Sigma', 'PLC Programming', 'Automation Equipment', 'Quality Control', 'Process Optimization']",5+ years,Mid,On-site,Manufacturing Engineer,Leddy Group,"Portsmouth, NH",,
"['Electrical Design', 'Power Quality', 'Surge Protection']",3-5 years,Mid,On-site,Electrical Design Engineer,Akkodis,"Richmond, VA",105040.0,
"['Nanofabrication', 'Engineering', 'Research']",Not specified,Open Rank,On-site,Nanofabrication Engineer - Open Rank-EOSL-Onsite,Georgia Tech Research Institute,"Atlanta, GA",,
"['Electrical Engineering', 'Renewable Energy']",0-2 years,Junior,Hybrid,Associate Engineer -- Distributed Energy Resources (DER),Sargent & Lundy,"Wilmington, DE",,
"['Oracle', 'DBA', 'AWR', 'SQL']",5+ years,Mid,On-site,Oracle Database Administrator,GalaxE.Solutions,United States,,
"['Mechanical Engineering', 'Electrical Engineering', 'Semiconductor Equipment']",1-5 years,Mid,On-site,Equipment Engineer,Insight Global,"Phoenix, AZ",110000.0,
"['ETL', 'Snowflake']",5 years,Senior,Remote,Data Engineer,Robert Half,United States,110000.0,
"['SaaS', 'business intelligence', 'analytics']",5-7 years,Manager,Hybrid,"Manager, Software Engineering - SaaS",MoTek Technologies,"San Jose, CA",,
[],,Senior,On-site,Senior Solutions Architect (NYC),"Resolution Technologies, Inc.",New York City Metropolitan Area,,
"['Looker', 'data visualization', 'data analysis']",3-5 years,Mid,Hybrid,Looker Developer,Steneral Consulting,"Basking Ridge, NJ",,
"['firewall', 'network protocols', 'network traffic', 'intrusion detection', 'vulnerability management']",,,Remote,firewall engineer,Cerebra Consulting Inc,United States,,
"['Microsoft Office', 'AutoCAD', 'SolidWorks', 'Welding techniques']",1,Junior,On-site,Mechanical Engineer,"JD Fields & Company, Inc.","Houston, TX",74173.0,
"['engineering processes', 'process improvement', 'performance measurement', 'software automation']",3-5 years,Mid,Hybrid,Continuous Improvement Engineer,BriskHeat Corporation,"Columbus, OH",,
"['Azure', 'PowerShell', 'Linux', 'Python']",3-5 years,Mid,Hybrid,Azure Cloud Engineer,Scion Staffing,"Oakland, CA",,
"['DeltaV', 'Automation']",3-5 years,Senior,On-site,"Sr. Automation Engineer, Delta V",BioMarin Pharmaceutical Inc.,"Novato, CA",,
"['security monitoring', 'detection', 'incident response', 'SIEM']",not specified,Mid,On-site,SOC Security Analyst/Engineer,Akidev Corporation,"Fremont, CA",,
"['building enclosure', 'architecture', 'roofing', 'waterproofing']",extensive,Senior,On-site,Building Enclosure Engineer/Architect,LVI Associates,San Francisco Bay Area,115000.0,
"['SQL', 'Power BI', 'Supply Chain', 'Dynamics', 'Agile']",Not specified,Senior,On-site,Onsite Data Analyst || USC ONLY || FL LOCALS,USCTEK - Recruiting & Staffing,"Jacksonville, FL",,
,,Senior,Remote,Senior Network Operations Engineer,SBA Communications,"Boca Raton, FL",,
[],,Lead,,Hardware Engineering Technical Leader ,Cisco,"San Jose, CA",196600.0,
"['engineering', 'process improvement', 'validation', 'report writing']",Intern,Intern,On-site,"Process Engineer Intern - Carlsbad, CA",CooperVision,"San Diego, CA",59020.0,
"['React', 'spring boot', 'Java', 'HTML', 'Redux', 'Javascript', 'AWS', 'Azure', 'CICD', 'DevOps', 'Kubernetes', 'SQL', 'NoSQL', 'Cassandra']",5+,Mid,On-site,Fullstack Developer,"Miracle Software Systems, Inc","Bentonville, AR",,
"['automation', 'cloud-native frameworks', 'deployment processes']",5-7 years,Mid,On-site,"Software Engineer for global computer software company in Redmond, WA.",OSI Engineering,"Redmond, WA",157040.0,
"['SOLIDWORKS', 'CATIA', 'DELMIA', 'REVIT']",Not specified,Not specified,Not specified,Design Engineer,A.G. KUNZ LLC,"San Francisco, CA",,
"['Process Engineering', 'Project Management', 'PFD', 'Block Flows', 'P&IDs', 'Vendor Coordination', 'Capital Budgeting']",5-7 years,Mid,On-site,Factory Engineering Project Manager,Unknown,"Amarillo, TX",,
['Azure'],5+ years,Senior,On-site,Senior Cloud Application Support Engineer (NYC),"Resolution Technologies, Inc.",New York City Metropolitan Area,,
,,Senior,,Sr. Procurement Data Analyst,Republic Services,"Phoenix, AZ",,
"['ABBYY OCR', 'Abbyy Flexi Capture', 'Kofax']",10+ years,Junior/Senior,Remote,ABBYY OCR Engineer/Abbyy Flexi Capture/Kofax Jr. Developer/Kofax Sr. Developer,Arkhya Tech. Inc.,United States,,
['iOS'],5+ years,Senior,Hybrid,Sr. iOS Developer,Five Pack,Dallas-Fort Worth Metroplex,,
"['Quality Assurance', 'Testing', 'RESTful APIs', 'Automation', 'Dotnet', 'Manual Testing', 'Automated Testing']",5-7 years,Senior,On-site,Software Quality Assurance Analyst,Elite WorkForce Inc,"Atlanta, GA",,
[],,Senior,,Staff Quality Assurance Engineer,Thermo Fisher Scientific,"West Virginia, United States",,
,,,Hybrid,Application Developer Supervisor - HYBRID,Ohio Department of Agriculture,"Reynoldsburg, OH",99184.5,
"['Clojure', 'automated tests', 'clojure.test', 'integration testing', 'RabbitMQ']",5+,Mid,On-site,Quality Engineer- Clojure,"Tanisha Systems, Inc","Minneapolis, MN",,
[],,,,"Infrastructure Architect - Modesto, CA",The Save Mart Companies,"Modesto, CA",130449.5,
"['Validation', 'procedure design', 'assembly equipment', 'trouble shooting', 'CAPA', 'Root Cause', 'DMAIC', 'A3', '5 Whys', '6 M', 'Ishikawa Diagram', 'Pareto Charts', 'Statistical analysis tools', 'Minitab', 'DOE', 'process capability', 'measurement system', 'confidence interval analysis']",4+,Mid,On-site,Manufacturing Engineer II,Planet Pharma,"North Haven, CT",,
['React Native'],5-7 years,Mid,On-site,React Native developer,TekWissen ®,"Seattle, WA",135200.0,
"['hardware design', 'electronics', 'R&D']",5-7 years,Manager,On-site,Engineering Manager (hardware design & electronics req Relo Columbus),#twiceasnice Recruiting,"Cleveland, OH",187500.0,
"['Kubernetes', 'EKS', 'GKE', 'AKS', 'OpenShift']",10+,Principal,Hybrid,Principal Container Platform Architect,Elevance Health,"Atlanta, GA",,
['CATIA v6'],3-5 years,Senior,Hybrid,"Staff Battery Design Engineer, EDS",Rivian,"Tustin, CA",,
"['ForgeRock', 'openAM', 'openIDM', 'openDJ', 'Amster', 'SSOAdmin', 'Linux', 'Windows', 'Tomcat', 'Linux shell', 'PowerShell']",8+ years,Senior,On-site,ForgeRock Developer,Siri InfoSolutions Inc,"Durham, NC",,
"['Reliability Engineering', 'Root Cause Failure Analysis', 'Vibration Analysis', 'Oil Analysis', 'Thermography', 'Airborne Ultrasound', 'Circuit Analysis']",5-7 years,Senior,On-site,Senior Reliability Engineer,"GE Appliances, a Haier company","Louisville, KY",,
"['Design Verification', 'Verification Planning', 'Verification Methodologies', 'Testbench Development', 'RTL']",5-10 years,Senior,Hybrid,"Director, Design Verification Engineering",SBT,San Francisco Bay Area,,
[],,Manager,,"Manager, Platform Ops & Data",GetScale,"Austin, Texas Metropolitan Area",,
"['ETL', 'ELT', 'SQL']",5+,Senior,Remote,Senior ETL Data Engineer - Reinsurance - Remote,Avesta Computer Services,United States,,
"['Electrical Engineering', 'Hardware', 'Software', 'Mechanical Engineering']",0-1,Intern,On-site,Field Application Engineer Intern,Sensirion,"Chicago, IL",52000.0,
"['Data', 'Analytics', 'Information Technology']",5+ years,Manager,Hybrid,Hybrid - Data & Analytics Manager (Information Technology Manager 1),Ohio Department of Mental Health & Addiction Services,"Columbus, OH",109387.2,
"['Systems Engineering', 'Technical Support Services', 'Financial Analysis', 'Program Management', 'System Development', 'Acquisition Management']",All Levels,All Levels,On-site,Engineer (FAA) (All Levels),Noblis,"Washington, DC",146300.0,
"['Data Warehouse', 'Data Visualization', 'Business Intelligence', 'Data Architecture']",5-7 years,Senior,Hybrid,Data Warehouse Architect,Pikemann,"Houston, TX",130000.0,
"['Configuration Management', 'Data Management']",0-2 years,Junior,On-site,Junior Configuration/Data Manager,Odyssey Systems,"Dayton, OH",,
"['WLAN', 'Distributed Antenna Systems', 'DAS', 'Small Cell']",not specified,not specified,On-site,DAS Field Engineer,Boingo Wireless,"Las Vegas, NV",,
[],5-7 years,Senior,Hybrid,Senior Software Engineer,Goosehead Insurance Agency,"Grapevine, TX",145000.0,
"['Software Engineering', 'Insurance']",5-7 years,Senior,Hybrid,Senior Software Engineer Insurance Platform,Airbnb,United States,,
"['REVIT', 'BIM management', 'data analytics']",3-5 years,Mid,Remote,Design Data Analyst,A.G. KUNZ LLC,"San Francisco, CA",,
[],,,,Business Intelligence Developer,Leap Metrics,"Dallas, TX",,
"['CMP processes', 'data analysis', 'root cause analysis', 'operational efficiency', 'documentation management']",Not specified,Mid,On-site,CMP Manufacturing Engineer,Headway Technologies,"Milpitas, CA",119397.6,
"['HTML', 'JavaScript', 'SASS', 'CSS', 'Angular', 'ReactJS', 'Vue.JS']",5-8 years,Senior,Hybrid,Senior UI/UX Engineer (Hybrid),Brooksource,"Chicago, IL",171600.0,
"['Software Testing', 'SDLC', 'Test Cases', 'Defect Tracking']",unspecified,Mid,On-site,Software Tester,Comprehensive Resources Inc,"Jefferson City, MO",104000.0,
"['Linux', 'Windows', 'Network troubleshooting', 'Server hardware', 'Physical Network Set-Up']",2+,Junior,On-site,"Data center Technician - Cheyenne, WY","Sunrise Systems, Inc.","Cheyenne, WY",,
"['Data', 'Science']",5-7 years,Senior,Remote,"Senior Manager, Data and Science",Verana Health,"San Francisco, CA",183500.0,
"['Data Entry', 'ARIBA', 'data cleansing', 'data harmonization', 'supplier registration', 'data accuracy']",6-12 months,Contractor,100% remote,Database Administrator,Indotronix Avani Group,United States,39520.0,
"['Network Operations', 'Designing', 'Installing', 'Maintaining']",5-7 years,Senior,Remote,Senior Network Operations Engineer,SBA Communications,"Boca Raton, FL",,
"['Excel', 'Data Analytics']",Expert,Senior,Hybrid,Data Analyst - Expert with Excel,OpTech,"Auburn Hills, MI",80080.0,
['construction management'],3-5 years,Mid,On-site,Project Engineer,Suffolk Construction,"Boston, MA",,
[],,Senior,,"Senior Associate, Data Management & Quantitative Analysis",BNY Mellon,"Houston, TX",,#D  
"['Electromechanical engineering', 'Systems design', 'Systems architecture', 'Integration oversight', 'Requirements management']",5-7 years,Senior,On-site,System Engineer,W3Global,"Orlando, FL",,
"['Instrumentation', 'Controls Engineering']",5-7 years,Mid,On-site,Instrumentation & Controls Engineer II,Merrick & Company,"Tulsa, OK",,
"['Electrical Engineering', 'low voltage power distribution', 'lighting', 'grounding', 'motor control systems']",5-10 years,Senior,On-site,Senior Electrical Engineer,Merrick & Company,"Ellicott City, MD",,
['CAD'],Not specified,Mid,Not specified,Design Integration Engineer,Headway Technologies,"Milpitas, CA",119397.6,
['.Net'],11 months,Senior,On-site,.Net Architect,Cloud Consulting Services Inc (CCSI),"Tallahassee, FL",,
"['Quality control systems', 'Auditing', 'Quality processes', 'Cross-functional collaboration']",3-5 years,Mid,On-site,Quality System Engineer,Generac,"Waukesha, WI",,
"['Adobe Analytics', 'Customer Journey Analytics', 'Adobe Target', 'AEM', 'Adobe Experience Platform']",12+ Months,Lead,Hybrid,Adobe Multi-Solution Lead Developer,KPG99 INC,"Newark, NJ",,
"['Continuous Improvement', 'Performance Improvements', 'Productivity Solutions', 'Capacity Solutions', 'Automation']",5-7 years,Mid,On-site,Continuous Improvement Engineer,"Carolina Foods, Inc.","Charlotte, NC",,
"['mechanical design', 'engineering drawings', 'problem solving', 'team player', 'analytical skills']",2-5 years,Mid,On-site,Dev/Research Engineer 2,"Cintal, Inc.","Chillicothe, IL",,
"['C++', 'Linux', 'Trading Systems', 'FIX Protocol']",Not specified,Senior,Remote,Sr C++ Developers,SKILL BIRD,United States,,
"['Data Architecture', 'data warehouses', 'data lakes', 'data pipelines', 'data governance']",5+ years,Senior,On-site,Data Architect,Photon,"Louisville, KY",,
"['Statistical Process Control', 'data analysis', 'manufacturing efficiency']",2-4 years,Mid,On-site,Manufacturing Engineering Technician,Headway Technologies,"Milpitas, CA",,
"['Electrical Engineering', 'Power Distribution', 'Energy Storage', 'eVTOL', 'Testing', 'Design Verification']",5-10 years,Staff,On-site,Electrical Integration Engineer,Morson Talent,"Mountain View, CA",,
"['.NET Core', 'ASP.NET MVC', 'Object-Oriented Programming']",not specified,not specified,Remote,Dotnet Developer,Sprintward,United States,,
"['Revit', 'AutoCAD', '3D modeling software']",3-5 years,Mid,On-site,Architectural Designer,Merrick & Company,"Ellicott City, MD",70000.0,
"['coding', 'debugging', 'testing', 'documenting software applications']",0-1 years,Intern,On-site,Engineering and Technology: Application Development Annual Internship 2024,"J.B. Hunt Transport Services, Inc.","Lowell, AR",,
"['Site Reliability Engineering', 'Embedded Systems', 'Usability', 'Performance', 'Observability']",5-7 years,Senior,Hybrid,Sr. Embedded Site Reliability Engineer (Samsung Ads),Samsung Electronics America,"New York, NY",210000.0,
"['Go', 'Kubernetes', 'Docker']",Not specified,Mid,Not specified,Web Developer,Infomatics Corp,"Ottawa, ON",,
['Civil Engineering'],Internship,Intern,On-site,Civil Engineering Intern - Summer 2024,Langan Engineering & Environmental Services,"Irvine, CA",48880.0,
[],,,On-site,Systems Engineer,Experis,"St Louis, MO",145600.0,
"['Data Governance', 'data principles', 'data policies', 'data standards', 'data quality software', 'data analysis', 'data definition', 'root cause analysis']",3-5 years,Mid,Remote,Data Governance Analyst,Smart IMS Inc.,United States,,
"['C++', 'Java', 'Python', 'Android Framework', 'Car Service', 'Android Treble', 'VNDK', 'AIDL', 'HIDL', 'Custom HAL', 'Android CTS', 'VTS', 'Android OS migration', 'Android security', 'SELinux', 'FBE', 'FDE']",10+ years,Lead,On-site,Android Developer / Architect ,Sophus IT Solutions,"Peachtree City, GA",,
"['QA', 'Testing']",1-2 years,Junior,On-site,Video Game Test Engineer,Experis,"Portland, OR",46800.0,
[],,,,Application Engineer,BriskHeat Corporation,"Columbus, OH",,
"['C++', 'Python']",5+ years,Senior,Hybrid,Sr. Robotics Engineer (Hybrid),Intelliswift Software,"Sunnyvale, CA",146640.0,
"['Java', 'Microservices', 'API Development', 'Spring Boot', 'Git', 'Kafka', 'Unix Scripting', 'Oracle SQL']",not specified,Senior,On-site,Senior Java Developer (W2 Only),AspiringIT,"Chicago, IL",,
"['Apigee', 'Java', 'JavaScript', 'RESTful APIs', 'Microservices', 'Spring Boot', 'Jenkins', 'Maven', 'LDAP', 'SSL', 'OAuth 2.0']",5+ years,Mid,On-site,APIGEE Developer,Diamondpick,"Jersey City, NJ",,
[],5-7 years,Senior,,Senior Traffic Engineer,AtkinsRéalis,"Raleigh, NC",,
"['Infrastructure as code (IaC)', 'Software Development', 'Linux']",,,Remote,DevOps Engineer,Rainsoftglobal Technology Services,United States,,
"['API', 'Open Banking', 'Embedded Finance', 'Agile']",5+ years,Senior,On-site,Sr. Software Engineer/API Developer,Dexian,"Charlotte, NC",,
"['Cabling', 'Troubleshooting']",2-4 years,Junior,On-site,Cable Technician Data center technician,Experis,"Chicago, IL",63336.0,
"['Cisco', 'Data Center', 'CCNP', 'CCIE', 'UCS servers']",Not specified,Not specified,Remote,After Hours Data Center Engineer,Experis,United States,,
"['Instrumentation', 'Controls', 'Energy markets', 'Oil & Gas', 'Power', 'Renewable Fuels']",3-5 years,Mid,On-site,Instrumentation & Controls Engineer III,Merrick & Company,"Tulsa, OK",107500.0,
"['Java', 'Perl', 'C/C++', 'SQL']",Not specified,Not specified,Onsite/Hybrid,Java Backend developer ,TekWissen ®,"Seattle, WA",124800.0,
"['Business Intelligence', 'Machine Learning', 'Data Visualization', 'Statistical Modelling']",3-5 years,Mid,Hybrid,Business Intelligence Engineer II ,TekWissen ®,"Westborough, MA",120640.0,
"['3D CAD systems', 'design', 'packaging electronics']",7+ years,Senior,On-site,Mechanical Engineer,Sophus IT Solutions,"Rochester, NY",,
"['Cybersecurity', 'Incident response', 'MS Sentinel', 'SIEM', 'Pen-testing', 'GDPR', 'Azure', 'O365', 'W10 OS']",5-8 years,Mid,Remote,Cyber Security Engineer,Robert Half,"California, United States",116500.0,
"['Electrical design', 'Power distribution', 'Power systems analysis', 'Electricity', 'Electrical engineering']", Internship,Intern,On-site,Electrical Engineer Internship,FastGrid,"Gilbert, AZ",,
"['PLC Programming', 'Siemens controllers', 'S7 15xx', 'NI controllers', 'NI9025', 'NI9031', 'NI9042', 'statistical analysis', 'agile', 'waterfall project management']",5-7 years,Mid,On-site,PLC Engineer,W3Global,"Houston, TX",,
['Electrical Engineering'],5-7,Senior,Hybrid,Electrical Engineer III,Merrick & Company,"Richmond, VA",107500.0,
['Pega'],5-7 years,Senior,Hybrid,Senior Pega Engineer,InRhythm,"Richardson, TX",,
"['Sandbox', 'OTBI', 'SQL/PLSQL', 'OIC Integrations']",8+ years,Senior,On-site,Product Data Hub Developer,Elios Technologies Inc,"Cleveland, OH",,
"['data analysis', 'data aggregation', 'business intelligence', 'programming', 'statistical tests', 'modeling']",Not specified,Not specified,Not specified,Legal Data Analyst (Dallas/Chicago),CBRE,"Chicago, IL",,
"['Java', 'J2EE', 'REST', 'React JS', 'JavaScript', 'Angular', 'Node.js', 'Spring Framework', 'Web Services', 'SOAP', 'RESTful', 'XML', 'JSON', 'Maven', 'Weblogic']",10+ years,Senior,On-site,JAVA FULLSTACK DEVELOPER,Siri InfoSolutions Inc,"Charlotte, NC",,
['Route Switching'],3-5,Senior,Remote,Tier 3 Route Switch Engineer,Experis,United States,101920.0,
"['MATLAB', 'Simulink', 'Control Systems', 'OPAL-RT', 'dSpace', 'CANape', 'ET', 'ECM']",2,Mid,On-site,Controls Engineer 2,W3Global,"Mossville, IL",,
"['Embedded Systems', 'Software Development', 'Cloud-based Systems', 'QA Testing']",3-5 years,Mid,On-site,Embedded Software Engineer ,TekWissen ®,"Redmond, WA",145600.0,
"['project engineering', 'project management', 'plant design', 'construction', 'HACCP', 'OSHA', 'dry powder processing', 'packaging']",Not specified,Mid,On-site,Project Engineer/Manager,Experis,"Waverly, IA",,
"['Engineering', 'Design', 'Construction Administration', 'Mechanical Design']",,,Hybrid,Mechanical Engineer III,Merrick & Company,"Tulsa, OK",117500.0,
"['Dry Etch', 'RIE', 'IBE', 'Ashing', 'SPC']",5-7 years,Mid,On-site,Dry Etch Manufacturing Engineer,Headway Technologies,"Milpitas, CA",,
"['PHP', 'Laravel', 'HTML5', 'CSS3', 'Javascript', 'MySQL', 'RESTful APIs', 'web services', 'Git']",3-5 years,Senior,Remote,Senior PHP Developer,RadGov Inc.,"Denver, CO",,
"['Business Intelligence', 'Data Analysis', 'Technology Innovations']",2-4 years,Mid,Hybrid,Business Intelligence Engineer II ,TekWissen ®,"Seattle, WA",120640.0,
"['PHP', 'Laravel', 'HTML5', 'CSS3', 'JavaScript', 'MySQL', 'RESTful APIs', 'Git', 'AWS', 'Azure']",Not specified,Senior,Not specified,Senior PHP Developer,"Anveta, Inc","Denver, CO",,
"['Node.js', 'JavaScript', 'Java']",3-5 years,Mid,Hybrid,Frontend Developer,WaferWire Cloud Technologies,"San Jose, CA",,
[],5+ years,Senior,Remote,Software Design Engineer,WaferWire Cloud Technologies,"Redmond, WA",,
,,Senior,,Senior Design and Quality Engineer,"Instrument Technology, Inc.","Westfield, MA",,
"['Mechanical Design', 'Product Development', 'Design Documentation', 'Risk Analysis', 'Mentorship']",5-7 years,Senior,Hybrid,Senior Mechanical Design Engineer,Pure Lithium Corporation,"Boston, MA",,
[],,Mid,On-site,Engineer II,Olympus Corporation of the Americas,"San Jose, CA",96937.0,
"['AWS', 'Golang', 'Python', 'Kubernetes', 'Terraform']",5-7 years,Senior,Hybrid,Senior Cloud Engineer(Golang),BayOne Solutions,"San Francisco, CA",197600.0,
"['Android', 'Kotlin', 'Git', 'Github', 'REST APIs', 'Google Play APIs', 'Scrum', 'HTTP protocol', 'Google Cloud Messaging']",5+ years,Senior,On-site,Sr. Android Developer,Tranzeal Incorporated,"San Jose, CA",,
"['.NET Core', 'C#', 'SQL Server', 'Angular', 'Azure', 'MVC', 'JSON', 'REST APIs', 'Azure Function Apps', 'Blob Containers', 'Storage Account', 'Cosmos DB', 'JavaScript', 'React', 'Vue']",4-8 years,Mid,Hybrid,".NET Developer (Azure) Roles, W-2 / Indiana based candidates preferred",Unknown,"Indianapolis, IN",,
['Flutter'],Not specified,Not specified,Remote,Flutter Developer (Remote),Brooksource,"Atlanta, GA",,
"['Simulink', 'Model Based Design']",4-6 years,Mid,On-site,Flight Control Design Engineer (utilizing Simulink) for a Hybrid eVTOL project in Southern California ,OSI Engineering,"Santa Barbara County, CA",,
"['VoIP', 'Cisco', 'Arista', 'network infrastructure', 'routers', 'switches', 'firewalls', 'load balancers', 'WAN', 'MPLS', 'IPsec VPN']",6+ years,Senior,Remote,Voice Engineer,SmartSource Technical Solutions,United States,124800.0,
"['cybersecurity', 'security architecture']",5-7 years,Senior,Hybrid,Security Architecture Lead,Olympus Corporation of the Americas,"Center Valley, PA",,
"['Full Stack', 'front-end', 'backend', 'Relational databases', 'NoSQL databases']",5-7 years,Senior,Remote,Sr. Software Engineer - (Full Stack),"Everest Consultants, Inc.","Los Angeles, CA",150800.0,
"['Data Privacy', 'Compliance', 'Risk Assessment', 'IAPP Certification', 'CIPP']",3+ years,Mid,On-site,Data Privacy Officer,The Adecco Group,"Atlanta, GA",55.0,
"['project management', 'stakeholder management', 'SOW Scope of Work', 'design reviews', 'construction monitoring', 'documentation control']",3-5 years,Mid,On-site,Project Engineer,Akkodis,"Round Lake, IL",104000.0,
"['Java', 'Spring Boot', 'RabbitMQ', 'Redis']",5-7 years,Senior,Hybrid,Senior Software Engineer,Prestige Staffing,"New York, NY",170000.0,
"['TOGAF', 'Telecom BSS', 'Telecom OSS', 'Architecture', 'Design']",5+ years,Senior,Hybrid,Enterprise Architect Telecom,ESB Technologies,Dallas-Fort Worth Metroplex,130000.0,
"['Augmented Reality', 'Engineering', 'Prototyping', '3D CAD', 'Aerospace']",3-5 years,Mid,On-site,Field Engineer | AR Tech | Aerospace | Defense | Series B,Intelletec,"Orlando, FL",110000.0,
"['Java', 'Spark', 'AWS', 'GIT', 'CICD', 'ETL', 'SQL', 'SSIS']",not specified,Lead,On-site,Lead Java Developer,Compunnel Inc.,"Columbus, OH",,
"['security', 'cloud-based systems', 'architectural reviews', 'threat models', 'access controls']",5-7 years,Senior,Remote,Senior Application Security Engineer,Eigen Labs,"Seattle, WA",237500.0,
[],,Manager,On-site,Manufacturing Engineering Manager,SKF Group,"St Louis, MO",,
"['Electrical Engineering', 'Aerospace', 'High Voltage Systems', 'Battery Technology']",5-7 years,Mid,Hybrid,Power Supply System(PSS) Electrical Engineer in Southern Engineer ,OSI Engineering,"Santa Barbara County, CA",,
"['Vehicle Dynamics', 'Control Engineering', 'Flight Dynamics', 'Modeling', 'Stability', 'Control Analysis']",Not specified,Not specified,Not specified,Vehicle Dynamics and Control Engineer for Hybrid eVTOL in Southern California ,OSI Engineering,"Santa Barbara County, CA",,
,,Senior,On-site,Senior Environment Health Safety Engineer,Jabil,Atlanta Metropolitan Area,82500.0,
"['sales', 'market analysis', 'customer relationship management', 'contract negotiation', 'strategic planning']",3-5 years,Mid,On-site,Industrial Sales Engineer,Adecco Permanent Recruitment,"Indiana, United States",,
[],,,,Seal Product Design Engineer,SKF Group,"Elgin, IL",,
"['data analysis', 'weather modeling', 'sensor design', 'production engineering']",3-5 years,Mid,Hybrid,Sensors Engineer,WindBorne Systems,"Palo Alto, CA",,
[],,,,Design Engineer,SKF Group,"Hanover, PA",,
"['Electrical Engineering', 'BIM']",5-7 years,Mid,Hybrid,Electrical Engineer,"CultivaHR, LLC","McKinney, TX",110000.0,
"['Controls Engineering', 'Programming', 'System Design', 'Industrial Equipment']",3-5 years,Mid,On-site,Controls Engineer,Align Production Systems,"Decatur, IL",,
[],,,,Crash Data Analyst,Maricopa County,"Phoenix, AZ",,
"['VMSE', 'safety design', 'system requirements definition', 'integration', 'installation', 'Flight Control', 'Propulsion System', 'Power Supply System', 'Thermal Management System', 'Avionic', 'DO-160G', 'simulation', 'ground testing']",5-7 years,Senior,On-site,VMS Electronics Engineer in Southern CA ,OSI Engineering,"Santa Barbara County, CA",,
"['CATIA', 'Solidworks']",Not specified,Mid,Hybrid,"Design Engineer (CATIA) for a global automotive company in Raymond, OH",OSI Engineering,"Raymond, OH",,
"['Cloud Engineering', 'Server Configuration', 'Network Operations', 'Diagnostic Testing', 'Software Applications', 'Operating Systems']",3-5 years,Mid,Remote,Cloud Engineer,Harvey Nash,United States,135200.0,
"['C', 'C++', 'Rust', 'Go', 'Linux networking', 'VPP', 'eBPF', 'DPDK', 'VxLAN', 'Geneve', 'XDP', 'smartNIC', 'IPU', 'DPU', 'NVIDIA Bluefield', 'Pensando', 'AMD', 'Intel', 'Marvell DPUs', 'data-plane debug', 'network test tools']",7+,Senior,On-site,"Hardcore Dataplane Software Engineer. If you think like a packet, this job is for you!",Hedgehog,United States,,
[],,,,Manufacturing Engineer,SKF Group,"Dexter, MI",,
"['Robotics', 'Perception', 'Computer Vision', 'Machine Learning']",3-5 years,Mid,Hybrid,Robotics Software Engineer - Perception,ViaBot,"Sunnyvale, CA",,
['C#'],10+ years,Senior,Hybrid,".Net Architect - Seattle, WA (Hybrid)",LTIMindtree,"Seattle, WA",162500.0,
"['JavaScript', 'NextJS', 'ReactJS']",0-1 years,Junior,Remote,Software Engineer,LemaTech LLC,United States,,
[],,,,Manufacturing Engineer,SKF Group,"Ladson, SC",,
"['Mechanical Engineering', '3D modeling', 'AutoCAD', 'Inventor', 'CFD', 'Finite Element Analysis', 'MathCAD']",5+ years,Manager,On-site,Design Engineering Manager,Adecco Permanent Recruitment,Kansas City Metropolitan Area,,
"['C#', 'Unity']",1+ years,Junior,Hybrid,Unity Engineer I,MobilityWare,"Irvine, CA",112500.0,
"['structural analysis', 'structural steel design', 'reinforced concrete design']",Entry-Level,Junior,On-site,Entry-Level Structural Engineer,Sargent & Lundy,"Hamilton, NJ",,
[],,Senior,Remote,Senior Software Engineer,Paycor,United States,133158.0,
"['Electrical', 'Instrumentation', 'Controls']",Not specified,Not specified,On-site,Electrical/I&C Engineer (PO) (B) - 516344,Tennessee Valley Authority,"West Paducah, KY",,
[],0-1 years,Intern,Not specified,Facilities Engineering Internship,Ingersoll Rand,"Mocksville, NC",,
[],,,,Quality Engineer,Ingersoll Rand,"Sedalia, MO",,
"['software development', 'software architecture', 'design', 'mentoring', 'project management']",5-7 years,Senior,On-site,Senior Software Engineer,Ziff Davis Shopping,"Austin, TX",,
"['Mechanical Engineering', 'Product Development']",3-5 years,Mid,On-site,Mechanical Engineer,Ingersoll Rand,"Lenexa, KS",,
['SQL'],1-2 years,Intern,On-site,NLP/data science/Data Analysis(Intern apr 30),Data Glacier,United States,,
"['Cisco', 'Juniper', 'Aruba', 'Extreme', 'SolarWinds', 'Azure', 'AWS', 'VoIP']",3-5 years,Mid,On-site,Network Engineer,"V-Soft Consulting Group, Inc.","Schaumburg, IL",,
"['Data Analysis', 'Statistical Models']",Not specified,Not specified,On-site,Data Analyst,Acro Service Corp,"Orlando, FL",83200.0,
[],,,,Sourcing Engineer,Ingersoll Rand,"Springfield, MO",,
[],,,,Supplier Quality Engineer,Ingersoll Rand,"Alsip, IL",,
"['.NET', 'Web Services']",not specified,not specified,not specified,.NET Developer expertise in Web Services,Gainwell Technologies,"Montana, United States",,
[],,Senior,Remote,"Senior Software Engineer, Workday",Coinbase,"San Francisco, CA",176675.0,
"['Backend Services', 'Software Development', 'Technical Design', 'Documentation', 'Testing', 'Deployment', 'Support']",5-7 years,Senior,Remote,Senior Backend Services Developer - Remote,Perficient,United States,107427.0,
['mechanical aptitude'],,,,Product Support Engineer,Ingersoll Rand,"Hampton, NJ",,
"['IoT', 'compressed air systems', 'predictive analytics']",,Mid,Remote,"Compressed Air System, IoT Field Engineer",Ingersoll Rand,"Aurora, CO",,
"['SQL', 'Python', 'R', 'Data Wrangling', 'Data Visualization', 'seaborn', 'matplotlib']",0-1 years,Intern,Remote,Data Science intern ( Apr 30),Data Glacier,United States,,
"['Java', 'React.js', 'Node.js']",5-7 years,Mid,Hybrid,Software Release Engineer (Java/React/Node) - FinTech Exchange Startup,"Kelley Clarke, PC",United States,,
['Java'],5-7 years,Senior,Hybrid,Senior Software Engineer,MIB,"Braintree, MA",,
"['Cloud', 'DevOps']",5-7 years,Senior,Remote,Senior Cloud DevOps Engineer - Remote,Perficient,United States,,
"['IT Support', 'Engineering', 'Web3', 'Finance', 'crypto']",5-10 years,Senior,Remote,"Director, IT Support Engineering",Coinbase,"Washington, DC",290912.5,
"['data analysis', 'data visualization', 'algorithm development', 'statistical modeling', 'computational modeling', 'dataset management']",not specified,Junior,Hybrid,Research Data Analyst 1 (75% FTE/Hybrid Opportunity),Stanford University,"Stanford, CA",60555.0,
['Database Management'],3-5 years,Mid,Hybrid,Database Administrator,Heartland,"Oklahoma City, OK",,
"['SAP ECC', 'SAP S4 Hana', 'ETL', 'Data Engineering', 'data pipelines', 'data modeling', 'Snowflake', 'SQL', 'IBM DataStage', 'Fivetran']",4+ years,Mid,Remote,Data Engineer (SAP ECC To HANA Migration),"V-Soft Consulting Group, Inc.","Charlotte, NC",,
[],,,Remote,Remote - Software Engineer - OIPA Configurator,State Farm,"Dunwoody, GA",134050.0,
['SQL'],1 - 2 years,Intern,On-site,Data Science/NLP intern ( Apr 30),Data Glacier,United States,,
['SolidWorks'],,Mid,On-site,Design Engineer,Ingersoll Rand,"Sidney, OH",,
"['project management', 'customer service', 'quoting', 'estimating']",2-4 years,Mid,On-site,Inside Sales Application Engineer II,Ingersoll Rand,"Ivyland, PA",,
"['Forensic Analysis', 'Forensic Engineering', 'analytical skills', 'failure analysis']",2-5 years,Mid,Remote,Forensic Engineer,Geohazards,United States,,
"['Data Engineering', 'Data Architecture', 'Data Strategy']",10+ years,Lead,Hybrid,Chief Data Engineer,Noblis,"Reston, VA",199500.0,
"['Deep learning', 'AI models', 'Supercomputers', 'Open-source']",10+ years,Principal,Remote,Principal Software Engineer,Microsoft,"Redmond, WA",207900.0,
['Agile'],5-7 years,Mid,Hybrid,Release Train Engineer,Genentech,"South San Francisco, CA",,
['Salesforce'],5-7 years,Senior,Hybrid,Senior Salesforce Developer,Deloitte,"Houston, TX",,
"['Salesforce', 'Lightning']",5+ years,Senior,Hybrid,Senior Salesforce Lightning Developer,Deloitte,"Mechanicsburg, PA",,
['Salesforce'],3-5 years,Mid,Hybrid,Salesforce Developer (Clearance Eligible) Solution Specialist,Deloitte,"Houston, TX",,
['Salesforce'],5-10 years,Senior,Hybrid,Senior Salesforce Developer (Clearance Eligible),Deloitte,"Mechanicsburg, PA",,
"['Automation Engineering', 'Project Management', 'Preventive Maintenance', 'Standard Operating Procedures', 'Operational Process Analysis']",5+ years,Senior,On-site,Senior Automation Engineer (Rocky Mount),Experis,"Rocky Mount, NC",,
"['AI', 'Data products', 'architecture', 'implementation']",,Senior,,AI Solution Architect,Deloitte,"Arlington, Virginia, United States",,
['Salesforce'],2-4 years,Mid,Hybrid,Salesforce Developer (Clearance Eligible),Deloitte,"Dallas, TX",,
"['Azure', 'M365', 'IAM']",5+ years,Mid,Remote,Azure Engineer,Piper Companies,"McLean, VA",145600.0,
['AWS'],not specified,not specified,On-site,AWS Architect,Piper Companies,"San Diego, CA",162500.0,
['Salesforce'],5-7 years,Senior,Hybrid,Sr. Salesforce Developer,Deloitte,"Washington, DC",,
"['Objective-C', 'Swift', 'Swift UI', 'iOS Frameworks', 'vendor app SDKs', 'iOS back-end services']",5-7 years,Senior,Hybrid,Sr iOS Engineer (Boston),Experis,"Boston, MA",,
['Vehicle Systems Engineering'],3-5 years,Mid,On-site,Vehicle Systems Engineer,BART,"Oakland, CA",,
"['SQL', 'Crystal Reports']",10+,Lead,Hybrid,Data Reporting Team Lead,Piper Companies,"Oaks, PA",135200.0,
"['mechanical troubleshooting', 'process and instrumentation diagrams', 'validation protocols', 'safety handling of chemicals']",Not specified,Not specified,On-site,Utilities Process Engineer,Piper Companies,"Raleigh, NC",104000.0,
"['IAM', 'SAML', 'OAuth', 'OpenID Connect', 'CAS', 'Grouper', 'Shibboleth', 'midPoint', 'COmanage', 'AD Federation Services', 'Azure AD', 'SimpleSAMLphp', 'Java']",7+,Senior,Remote,IAM Architect,Piper Companies,United States,,
"['Network technologies', 'Cybersecurity', 'AWS', 'Azure']",5-7 years,Senior,On-site,Network Engineer - Onsite,Piper Companies,"Atlanta, GA",165000.0,
"['Data Engineering', 'Snowflake', 'Databricks', 'Spark SQL', 'PySpark']",6,Mid,Hybrid,Data Engineer,Piper Companies,"McLean, VA",140000.0,
[],5+ years,Supervisor,Hybrid,"Supervisor, Membership Data Integrity",Centene Corporation,"Missouri, United States",94350.0,
"['Network Engineering', 'SD-WAN', 'Cisco Meraki', 'Network Migrations', 'Dell Switches', 'SonicWall Firewalls', 'Cisco switches']",5+ years,Mid,Hybrid,Network Engineer,Piper Companies,"Swedesboro, NJ",130000.0,
"['Microsoft Azure', 'SQL Server', 'stored procedures', 'complex query tuning']",10 years,Lead,Remote,Lead Development and Analytics Engineer,Piper Companies,United States,150000.0,
[],,,,Product Integrity Engineer,Autocar Trucks,"Birmingham, AL",,
"['Electrical Systems', 'VFDs', 'Process Automation']",not specified,not specified,On-site,Electrical Engineer,Piper Companies,"Raleigh, NC",,
"['Node.JS', 'Angular', 'Postgres', 'Java', 'J2EE', 'Python', 'Perl', 'Ruby', 'AWS']",Not specified,Not specified,Hybrid,Full Stack Developer,Piper Companies,"McLean, VA",161200.0,
"['engineering', 'commissioning', 'qualification', 'pharmaceutical manufacturing']",0-2,Junior,On-site,CQV Engineer,Piper Companies,"Holly Springs, NC",75000.0,
"['ETL', 'SQL', 'Snowflake', 'Talend']",10 years,Senior,Hybrid,Data Engineer,Piper Companies,"Wayne, PA",135000.0,
[],,Principal,,Principal Business Data Steward,Discover Financial Services,"Riverwoods, IL",,
"['Controls Engineering', 'Electrical Engineering', 'Systems Engineering', 'Automated Material Handling', 'Ladder Logic', 'ST']",3+,Mid,On-site,Controls Automation Engineer,"TalentBurst, an Inc 5000 company","Lithia Springs, GA",104000.0,
"['3D printing', 'biomaterials', 'mechanical engineering', 'biomedical engineering', 'materials science']",3+,Mid,On-site,Process Engineer,Piper Companies,"Manchester, NH",112500.0,
[],,Principal,,Principal Business Data Steward (MarTech),Discover Financial Services,"Riverwoods, IL",,
"['Automation', 'Process Control', 'Computer Systems']",5+ years,Senior,On-site,Senior Automation Engineer,Piper Companies,"Holly Springs, NC",,
"['Cloud', 'Windows', 'Active Directory', 'SharePoint']",7,Senior,Hybrid,Cloud Systems Engineer (Security),Piper Companies,United States,135000.0,
"['.NET', 'C#', 'ASP.Net', 'MVC', 'Classic ASP', 'cloud-based development', 'SCRUM', 'Agile']",5+,Mid,Remote,Remote .NET Developer,Piper Companies,United States,,
[],,,Remote,Staff Back End Engineer - Res & Guest,Cloudbeds,"Texas, United States",160000.0,
[],,Staff,Remote,Staff Back End Engineer - Res & Guest,Cloudbeds,"Massachusetts, United States",160000.0,
"['Cloud', 'Hospitality Software', 'Back End Engineering']",5-7 years,Senior,Remote,Staff Back End Engineer - Res & Guest,Cloudbeds,"Illinois, United States",160000.0,
[],,Staff,Remote,Staff Back End Engineer - Res & Guest,Cloudbeds,"Florida, United States",160000.0,
"['Data Science', 'Analytics']",3-5 years,Senior,On-site,Senior Data Scientist 3 - Nonproliferation,Pacific Northwest National Laboratory,"Richland, WA",177000.0,
"['Ruby', 'Rails', 'AWS', 'New Relic', 'Splunk', 'PagerDuty']",0-2 years,Junior,Hybrid,Software Engineer I,Cox Automotive Inc.,"Atlanta, GA",88400.0,
"['iOS', 'AR/VR', 'Spatial Computing', 'LiDAR']",3-5 years,Mid,On-site,Test Engineer III,"TalentBurst, an Inc 5000 company","Cupertino, CA",,
"['Content Management Systems', 'Java', 'Java Springboot', 'model driven development', 'enterprise technology solutions', 'relational databases', 'technology infrastructure']",10 years,Senior,Hybrid,Solution Architect - Enterprise Content Management Systems,PoweerHire Consulting Inc,"Troy, MI",145600.0,
,,,,HUMAN SERVICES DATA APPLICATIONS MANAGER Promotional Only,County of Santa Cruz,"Santa Cruz County, CA",,
"['Java', 'Python', 'Kafka', 'Kubernetes']",5-7 years,Senior,Hybrid,Senior Software Engineer,Boomi,"Conshohocken, PA",,
"['Lean Manufacturing', 'Manufacturing Processes', 'Process Optimization', 'Quality Assurance']",5-7 years,Senior,On-site,Senior Manufacturing Engineer,Revology Cars LLC,"Orlando, FL",127650.0,
"['manufacturing processes', 'troubleshooting', 'communication', 'presentation', 'computer skills']",,Mid,On-site,Manufacturing Process Engineer,Acro Service Corp,"Kansas City, KS",90480.0,
"['data management', 'data governance', 'AI', 'ML']",3-5 years,Mid,Hybrid,Data Use Associate,JPMorgan Chase & Co.,"New York, NY",,
"['Industrial Engineering', 'manufacturing', 'continuous improvement', 'problem solving', 'ergonomics', 'time studies', 'cycle times']",3+,Mid,On-site,Industrial Engineer,Insight Global,"Lansing, MI",,
"['ETL', 'SQL', 'Data Warehousing']",5+,Senior,Remote, Senior ETL Data Engineer (100% Remote),Avesta Computer Services,United States,,
"['Data Analysis', 'A/B Testing', 'Performance Measurement', 'Campaign Optimization']",3-5 years,Senior,Hybrid,Marketing Analytics - Data Scientist Senior Associate,JPMorgan Chase & Co.,"Columbus, OH",,
"['Korean', 'Microsoft Excel', 'SQL', 'RegEx', 'Python']",Not specified,Not specified,Not specified,Data Analyst (Korean),Lightcast,United States,,
